,expiration,strike,right,bid,ask,impliedVol,delta
0,20260416,200.0,C,,,,
1,20260416,200.0,P,,,,
2,20260416,400.0,C,,,,
3,20260416,400.0,P,,,,
4,20260416,600.0,C,,,,
5,20260416,600.0,P,,,,
6,20260416,800.0,C,,,,
7,20260416,800.0,P,,,,
8,20260416,1000.0,C,,,,
9,20260416,1000.0,P,,,,
10,20260416,1200.0,C,,,,
11,20260416,1200.0,P,,,,
12,20260416,1400.0,C,,,,
13,20260416,1400.0,P,,,,
14,20260416,1600.0,C,,,,
15,20260416,1600.0,P,,,,
16,20260416,1800.0,C,,,,
17,20260416,1800.0,P,,,,
18,20260416,2000.0,C,,,,
19,20260416,2000.0,P,,,,
20,20260416,2200.0,C,,,,
21,20260416,2200.0,P,,,,
22,20260514,200.0,C,,,,
23,20260514,200.0,P,,,,
24,20260514,400.0,C,,,,
25,20260514,400.0,P,,,,
26,20260514,600.0,C,,,,
27,20260514,600.0,P,,,,
28,20260514,800.0,C,,,,
29,20260514,800.0,P,,,,
30,20260514,1000.0,C,,,,
31,20260514,1000.0,P,,,,
32,20260514,1200.0,C,,,,
33,20260514,1200.0,P,,,,
34,20260514,1400.0,C,,,,
35,20260514,1400.0,P,,,,
36,20260514,1600.0,C,,,,
37,20260514,1600.0,P,,,,
38,20260514,1800.0,C,,,,
39,20260514,1800.0,P,,,,
40,20260514,2000.0,C,,,,
41,20260514,2000.0,P,,,,
42,20260514,2200.0,C,,,,
43,20260514,2200.0,P,,,,
44,20260617,200.0,C,,,,
45,20260617,200.0,P,,,,
46,20260617,400.0,C,,,,
47,20260617,400.0,P,,,,
48,20260617,600.0,C,,,,
49,20260617,600.0,P,,,,
50,20260617,800.0,C,,,,
51,20260617,800.0,P,,,,
52,20260617,1000.0,C,,,,
53,20260617,1000.0,P,,,,
54,20260617,1200.0,C,,,,
55,20260617,1200.0,P,,,,
56,20260617,1400.0,C,,,,
57,20260617,1400.0,P,,,,
58,20260617,1600.0,C,,,,
59,20260617,1600.0,P,,,,
60,20260617,1800.0,C,,,,
61,20260617,1800.0,P,,,,
62,20260617,2000.0,C,,,,
63,20260617,2000.0,P,,,,
64,20260617,2200.0,C,,,,
65,20260617,2200.0,P,,,,
